comment,label
"update 5 04 09 2021 em mới múc con pixel 4 xl trắng ở gần cuối bài viết nhé lưu ý bài viết của em theo thứ tự máy dùng ổn không mua ở đâu, loại nào cách mua có thông tin đơn hàng, thời điểm mua, thời gian ship các thím thực sự có nhu cầu mua thì làm ơn đọc kỹ bài viết vì em mô tả kỹ vãi chưởng rồi và quan trọng là nó ảnh hưởng trực tiếp đến tiền bạc. em không chịu trách nhiệm bảo đảm cho các shop và vận chuyển được nêu ra trong bài hi các thím, thấy nhiều thím hỏi về pixel cũng như các topic nhờ tư vấn smartphone tầm giá này nên em mạn phép lập topic chém gió cho vui. à em lưu ý trước, đây là chia sẻ từ phía cá nhân người dùng, không nhận được vài hào để seeder cho ông nào. có sai nội quy nào mod làm ơn xóa bài chứ đừng ban em, có mỗi cái nick để vật nhau với culé trải nghiệm sử dụng em có dùng pixel 3 trong 1 thời gian ngắn, 3 xl lâu nhất từ tháng 4 đến bây giờ và mới phang con pixel 4 bản test hay đại loại thế không có faceunlock. với 3xl máy cầm đầm tay, hơi to so với đôi tay còi của em. các thao tác vuốt chạm phản hồi nhanh, cực kỳ mượt, hiếm khi cho cảm giác khựng dù ít hay nhiều một đặc sản của android trước đó em dùng s9 . hiệu ứng chuyển cảnh khi mở app nó nảy nảy thay vì khựng, êm mắt. chụp ảnh cho chi tiết tốt, đặc biệt là gcam đã quá nổi tiếng về chụp thiếu sáng, kể cả các bản port lên nhiều dòng máy khác. pin 3430 mah, em không chơi game nên dùng hỗn hợp wifi 4g vd89 1 ngày không hết, ra ngoài cảm giác rất yên tâm là máy éo thể hết pin được, sạc 18w rất nhanh, trường hợp gấp có thể bật máy bay và cắm sạc, vèo cái là lên 20 , chống cháy ngon lành. loa không ấm, không hay bằng s9 hoặc có thể do em tai trâu pixel 4 mới dùng hơn 1 ngày, chả khác khỉ gì phần dưới này chắc nhiều thím quan tâm để mua với giá tốt trước hết là em mua trên taobao, các thím tạo tài khoản, login vào đó dùng gg translate tìm mục smartphone rồi search pixel.. là xong, thấy con nào có nhiều transaction,đánh giá bằng hìnhảnh tốt là được. ví dụ như 1 số shop em đã từng mua 3 và 3xl 4 bản test imei 0044, 4xl thấy nó rẻ với nhiều đánh giá chứ chưa mua lần nào, ai từng mua review hộ e cái bọn này bán khá nhiều dòng pixel, tha hồ mà lựa. em thường chọn hàng loại a giá đứng t2 sau official standard , ngoại hình rất đẹp, không vết lông mèo vú dị như con pixel 3 dưới đây giá 4.1 triệu cộng tầm 200k phí ship 4.3 với pixel 3xl tầm 4.9 đẹp hơn ngọc trinh, đi kèm bộ sạc cáp zin google. con 3xl em check store uk còn bh tới hết năm nay chỉ để nói là còn khá mới và có nguồn gốc rõ ràng chứ éo ai bảo hành cho thằng vn cách mua các thủ tục mua hàng chi tiết thì các bác liên hệ trực tiếp qua hotline zalo để họ tư vấn và hướng dẫn cho chính xác ngắm hàng chán rồi thì tìm cách ship về vn, trước đây em có vụ ăn hành của thằng topic bên old voz nên ko nhắc lại . mùa dịch nên nhiều bên không nhận vận chuyển hàng điện tử eg baogam.. . túm được ông gian thương voz giaonhanuytin aka tài bò chốt câu cứ nhận đủ tiền là sẽ có hàng về thế là quất luôn update baogam đã nhận ship hàng điện thoại với phí ship 150k máy nói qua về cách đặt hàng tạo tài khoản bên web nhận ship hàng, cài extension của họ hỗ trợ thêm sản phẩm vào giỏ hàng khi lướt taobao vào taobao tìm sp, check đủ các tùy chọn, extension nó sẽ tính tiền, click thêm vào giỏ hàng sang bên shipper kia vào phần giỏ hàng, tạo đơn và thanh toán. phần tạo đơn có thể note rõ thông tin về sản phẩm cần thắc mắc và nhờ họ xác nhận với shop taobao nạp tiền thì mời đọc đoạn bên dưới bên dưới là 2 đơn của em ở tài khoản cũ, cái t3 ở tài khoản mới đợt vừa rồi thấy bảo web bị tấn công nên reset pass, tiện tay em tạo account mới cho lành thời gian về hàng nhanh hay lâu vcl tùy điều kiện có cả tùy chọn ship nhanh như con pixel 4 thì 200k hiện em đang cầm 1 con pixel 4 với 3xl, nếu 4 add được esim viettel chắc sút luôn 3xl em đi khách hơi bận nên thím nào có thắc mắc thì rảnh em mới trả lời được, em nghĩ mình viết cũng khá chi tiết rồi update 1 con pixel 4 dùng esim viettel ngon lành nhé các bác esim vina ko nhận, dị vcđ , 2 sim 2 sóng. update 2 có thím bảo không chọn mua được, em mới thử logout thì đúng là nó éo cho chọn thật, vì lâu rồi ko để ý đoạn này, thôi các thím chịu khó tạo cái acc, dùng sdt vn nó cũng gửi otp về được. về vấn đề nạp tiền vào tài khoản cá nhân em rút kinh nghiệm về vụ sml với thằng trước đây thì liên hệ với support, hotline với những hệ thống trung bình và lớn. với những hệ thống nhỏ thì add zalo trao đổi xem có nhận vận chuyển không cách thức chuyển tiền như thế nào nhắn tin mà éo trả lời thì cút những hệ thống như ông tài tại thời điểm lập thread , xxx, em đánh giá là còn nhỏ và chưa chuyên nghiệp. chuyển tiền còn phải ping zalo, chụp ảnh giao dịch để ai chạy cơm nạp cho. baogam chuyển tiền theo cú pháp là 1 phát ăn ngay. thương gia nhỏ thì phí thường cao hơn, như các thím thấy phí trên kia là đắt hơn so với baogam baogam mới cập nhật, tăng cách tính cước với hàng điện tử nên nó vượt về giá rồi nhé . nhưng nó về được hàng. ping zalo thường trả lời khá nhanh, hỗ trợ nhiệt tình một số lỗi gặp phải trên pixel 4 0044 không có face unlock cái này hình như là tính năng không thể sử dụng app vietcombank momo thì được sau khi tắt gps, biểu tượng vẫn hiển thị trên taskbar cho tới lúc chán update 3 sau một tuần sử dụng thấy khá ổn áp ngoại trừ 2 việc máy mất chống nước khi để ở chế độ 90hz, thình thoảng màn hình hiển thị bị giật nhẹ là màn hình chứ không phải do chip xử lý , đành phải đẩy về chế độ thường update 4 một thím mua con pixel 3a 32gb giá siêu rẻ từ shop số 2 lỗi sml nhé update 5 04 09 2021 hi các thím, em quay lại rồi. sau một thời gian nhảy qua mì xào với con mi 10t pro, quay lại thấy mấy con pixel taobao giá sập sàn quá nên em ngứa tay đặt con pixel 4xl loại 1 màu trắng 64 gb ở shop số 2 lại ham rẻ . do baogam đã nhận hàng điện tử nên em thử xem sao vì nghĩ nó to hơn nên chắc ship nhanh hơn, giá ship cũng thấp hơn riêng cái này thì sai cmnr nhé . baogam hiện bắt các mặt hàng điện tử đi line riêng và giá cộng thêm 150k máy. dưới đây là tất cả các loại chi phí về tới kho hn thời gian vận chuyển nhìn chung mình thấy dịch vụ bên này cũng ổn, chat với support trên web hay trên zalo, phản hồi mail đều khá nhanh. review về sản phẩm phụ kiện là cường lực, ốp lưng kèm sạc cáp lô, loại 5v 1a . chính sách của mấy shop này có vẻ đã thay đổi. chỉ bán kèm sạc cáp zin với phiên bản option đắt nhất nó có mô tả ở web taobao . kiểm tra qua về ngoại hình là rất đẹp, các tính năng thì đều ok face unlock, màn hình, camera, màn 90hz , pin xuất report thấy max dung lượng các bác hỏi về dịch vụ mua hàng thì mình đã sử dụng dịch vụ của cả 2 bên giaonhanuytin và baogam thì cá nhân thấy đều hài lòng, các thủ tục mua hàng chi tiết thì các bác liên hệ trực tiếp qua zalo để họ tư vấn và hướng dẫn cho chính xác cũng nhiệt tình chốt 5261k 25k phí ship viettelpost từ kho vn tới mỹ đình cho con pixel 4 xl 64gb cường lực ốp lưng cáp sạc đểu 5v 1a imei máy và khay sim không trùng nhau",neg
"xài pixel sướng , chụp hình sướng nhưng phần cứng hơi ghê răng. trước xài 2xl đang ỉa và coi youtube tuột tay rớt oạch, cầm lên tiếng vẫn còn mà màn hình tối đen. báo giá thay màn 3 triệu, đt 2nd lúc đó 5xxx tr. vợ giận quá bắt quỳ gối vài hôm, xong cho tiền mua k20 xài đến giờ vã quá nên cài aosp hay pixelexperience chođỡ nhớ",pos
bảo hành bảo tỏi sao bác nói khẳng định luôn pixel dùng đéo dứt được đâu. đang dùng pixel 2 và tuyên bố bọn 8 x tuổi lờ ở nhiều chỗ.,pos
bảo hành gì nữa order taobao xác định vứt mẹ cái bảo hành đi,neg
để sáng mai e ib làm luôn con 3xl đang ham hố vãi chưởng à mà4gb ram đa nhiệm kém đúng ko thím,pos
"em chuyên mua hàng loại 1. 2 con đầu đủ sạc cáp, dán sẵn cl, ko ốp cá biệt con pixel 4 full giáp, full hộp, tặng kèm tai nghe bluetooth loại rẻ tiền",pos
"eu có thể unlock, root, ko nghịch thì éo để làm gì 3xl chắc chắn 2 sim 1 sóng nhé thím có android 10 beta cho 2s2s nhưng ai dùng bản beta cũ rích",pos
ngon vãi. mình thích mấy con 0044. 3xl thương gia vn bán toàn 6.2 triệu 6.7 triệu. thợ cỏ thì 5.5 triệu. nguồn hàng thì cũng từ đây mà ra cả. nhẽ xúc bừa phát.,pos
đang sài 3xl new fullbox mua cách đây 1 năm bản imei 35 verizon có khác gì bản 99 unlocked không mấy bác mà hàng bác realmadrid bao lâu ship tới thế,pos
"đang 3 xl đây, đa nhiệm chuyển thông tin giữa ss browser, pip youtube, chrome, telegram, messenger vẫn mượt mà",pos
3 con em mua cùng loại đó đố tìm được vết xước nào luôn,pos
"mình thấy trên review tàu có thằng mua hàng a báo có xước mà, nói chung là hên xui",neg
em chưa mua loại official standard bao giờ. nên mua bản mỹ cho rẻ,pos
"android beta không coi được k với netflix, không thanh toán được bằng app ngân hàng, không dùng được grab",neg
toàn các ông khổ dâm gửi từ samsung sm n770f bằng vozfapp,neg
"3xl dùng ngon, trước mình sài 1 tháng ưng dã man, tiếc là giờ ram 4gb cảm thấy cứ soắn soắn",pos
mua điện thoại tàu ơi réc khoản bảo mật mà giá hấp dẫn quá,pos
này mua bên tàu chứ đâu phải đt tàu mà rén bảo mật gì thím mua online chỉ là ko coi được hàng thôi,neg
không có faceid,neg
"điên à mà mua khác gì mua iphone ko có faceid, mất mẹ 1 3 giá trị cái máy",neg
đang order con pixel 3. đọc thớt này sớm là đỡ mất tiền mua con mì xào rồi.,pos
"mình mới hỏng màn con pixel xl, qua dùng con lg v40 trên android 9 mà cảm thấy bức bối vcl",neg
"ko face unlock, chính là con mình đang dùng, 2 sim 2 sóng con 3 mình add được esim vina, nhưng 4 chỉ add được viettel, không hiểu lưu ý loại này ko có face unlock vì sản xuất ra nó vậy, còn iphone bản chất là có faceid nhưng bị hỏng",neg
"em có ông anh có cty, nên ship về kho bên tq là chuyển về vn cho em ngay",pos
sao em chọn kiểu gì mà pixel 3 xl có hơn 4 triệu nhỉ package a luông,pos
"tôi dùng android 11 beta vẫn k , netflix, grab, thanh toán ngân hàng bình thường mà. chỉ khi nào root mới ảnh hưởng thôi.",pos
"mình mới liên hệ bên giaonhanuytin , vận chuyển nhanh thì tầm 2 ngày là trên tay. nếu ở hn",pos
"3xl bao nhiêu vậy thím, e tính chơi 4xl luôn vì có 2 sim",pos
"đang tính bán con xs max làm con 4a trải nghiệm, màn con này xấu quá không ae, thấy cũng oled trên walmart đang bán 300 đô thơm bơ vl",pos
3xl mà 4 triệu thì hơi rẻ quá đó ạ. không biết là đã can thiệp gì chưa. thực ra nếu mà thay màn cũng chả sao cơ. vì màn bọn này chắc chả có lô. với lại pixel có thay thế sửa chữa cũng k sao cơ. vì những thằng thợ làm pixel chẳng có thằng nào lởm,pos
"thằng này 3xl rẻ nhỉ, 4 triệu. sợ về màn ám ố thì buồn phân vân quá thằng này thì giá nếu ship về trên tay tầm 5 triệu, thêm 500k nữa xách dái lên mấy gr pixel của vn mua máy 2nd được rồi",pos
"thua , con 3xl không 2 sim được. con 4xl thì không faceid ko nói , ko vân tay hơi bất tiện.",neg
"xem review thì thấy bọn nào cũng bảo màn ổn, ko lởm đâu. nhưng mà con này hiệu năng ko bằng xs max đâu, thím tính đổi thật à",pos
"nhu cầu giống mình vl thế thì quất thôi thím, bán con xs max chắc cũng dư mớ tiền",pos
mà 2020 mà dùng nhựa chán vl con xs max 256 lên verizon trade in pre owned được hẳn 700 chum,neg
thấy kêu xài 1 sim vật lý 1 esim được mà,pos
mới thấy kèo pixel 4 xl new fullbox unlocked 450. thơm bơ thế thì vứt con 4a được rồi,pos
"ở vn thì gửi usps qua hải quan rồi về bưu điện, tầm 3 tuần. package dưới 500g tầm 35 chum qua trung gian thì ít nhất hai tuần trở lên hên xui, tầm 25 chum tổng thiệt hại là tối đa là 495 50 chum ở mẽo thì mình gửi chuyển phát liên bang tầm 4 ngày là tận tay, tầm 10 đô, thiệt hại 500 chum",pos
thơm đấy nhưng lâu quá lười lắm em quất taobao đây,pos
vãi nồi giá thôi quất con đấy đi thím,neg
esim còn chưa ổn định mới ác.,neg
đang dùng 2xl. đợi 5 ra rồi đổi máy,pos
review thấy cũng có tỷ lệ máy lỗi phải đổi,neg
"có ng quen ở bên đó thì nhờ nó check shop check hàng cho chắc mà mua về. 3xl mà xách về đây gần 5 triệu thì giá khác gì mua 2nd ở vn đâu. giá thấp nữa cũng có, mỗi tội toàn mấy vụ ám màn thôi. mới quất con 3xl chống cháy 5 triệu nè, xước tí ở cạnh thôi. 4 4xl nó đã k có vân tay, mất mie cả face id nữa thì ngồi gõ code mổ cò à, thời buổi này mà khổ dâm vậy. ông nào có máy chính chụp ảnh kém thì mua 4 4xl mất faceid về chụp cũng đc, chứ còn mua về làm máy chính thì quá tội",neg
bên này fí mua 4 cao vãi đạn,neg
thèm con 4a quá mà hỏi thì ship về mất 2 3 tuần,pos
bạn nào confirm cho mình cái xem là hình như tất cả các bản test của pixel từ 3 xl cho đến 4 xl là không đùng được các app ngân hàng như vietcombank đúng không,neg
đang tính chốt em 3xl mà thấy cái vụ tai trâu quay video bị chê quá.... chắc phải suy nghĩ lại.,neg
oài. 4a xách tay đập hộp có 9990k à. mấy nữa xuống còn tầm 8.x thôi bỏ mấy thằng 3xl sang 1 bên đc rùi mấy bạn ơi,pos
"khuyến mãi có 300 đô mà về thành 10 triệu dịch thế này thì nó lâu về giá 8,x lắm gửi từ motorola nexus 6 bằng vozfapp",pos
"vẫn đang dùng xl 1 đây, thấy nó vẫn đập ứng được nhu cầu sử dụng hàng ngày",pos
con 5 thì có 3 cam mà con mới này chỉ có 2 cam,pos
"ếu hiểu thằng gg nó nghĩ gì mà tiết kiệm lens thế nhỉ, làm mie 3 cam đi có phải hơn k đúng là bọn làm máy ra cho vui, ếu quan tâm cảm nhận ng dùng lẫn xu hướng gì cả. vẫn biết pm nó ngon nhưng nhìn phần cứng như kiểu khổ dâm vậy.",neg
"nó giống thằng sony thôi, làm để khoe, cho vui là chính. sony dc cái ngoại thất trau chuốt chứ nhìn ngoại thất của gg ko thẩm nổi.",neg
con 5 cũng 2 cam mà,pos
có android 11 rồi ông nào chuột bạch đê,pos
ở vn có bác nào nhận order 4a chưa ta page pixelvietnam thấy báo giá nhưng nhắn tin hỏi thì không trả lời,neg
"bây giờ mua con 4a ko nên, giá khuyến mãi bên đó có 300 usd thôi, về hét giá quá đắt",neg
"mình thấy ko có gì khác mình ko buôn nhé. mà cái link pixel 4 hôm trước mình đăng là 5.8 triệu, nay thấy update giá thành 7.5, máy có gì khác biệt chăng",neg
mình thấy giá vẫn 350 đô mỹ mà nhĩ,pos
4 a 7 tr,pos
"có ông còn rao 6.8 triệu cơ ,",pos
biết là máy có lỗi hay máy tuồn nhưng giá này cũng cho mấy gian thương ăn bớt bớt lại,pos
"vào group px trên fb mới biết rặt 1 lũ gian thương lẫn lừa đảo, bán giá cao,...",neg
"cục wifi nhà mình đang hỏng nên chỉ dùng 4g vd89, gần 5h onscreen gồm lướt tiktok, youtube, đọc báo, không game pin dung lượng thấp nhưng dùng khá tốt",pos
"thím nào đang xài 3xl có bị trường hợp người nhận cuộc gọi nghe không rõ, âm thanh rè khi con 3xl thực hiện cuộc gọi ở chế độ loa ngoài không",neg
"thời gian chờ trên pixel quá kém các thím ạ ,ngược lại tối ưu hóa khi sử dụng ứng dụng ít hao pin thì ok . game và video call thì thôi chả buồn nói nóng như lò than",neg
"công nhận, sạc xong chả làm gì, hơn chục phút đã thấy hụt xuống 99 rồi, rồi cứ rớt dần rớt dần 98 97 . nhưng nếu xài liên tục thì thời gian onscreen tạm ổn.",neg
"4xl nghe nói cũng bị, 3xl thì mới đọc gần đây đó my fen. cũng ko lạ gì với thằng gg, đời nào cũng dính ko lỗi này thì lỗi nọ.",neg
"mua giá bao nhiêu thế fen nhìn nhỏ gọn, đẹp nhất trong mấy dòng pixel gần đây rồi, chờ con pixel 5 ra coi sao nữa",pos
"chời đụ, ngon vãi, mình nhìn tưởng con 4a, kiểu này phải quất",pos
có vân tay và mấy loại cổ điển khác bác ơi. mình chưa được xài 4. mới tới 3xl thôi. 3xl thì màng hình màu đẹp mắt và rõ. màu sắc hơn hẳn con pixel 2. nên trông đợi là 4 và 4a màu cũng phải tương đương.,pos
face id nó khóa trên hardware cả rồi,neg
con pixel 4 làm gì có vân tay các bác ơi,neg
"nãy check mới thấy, thế thì thành ra lại dùng pin như thời hán pixel 5 lại về với vân tay.",neg
"đang dùng lg v40 làm máy phụ mà camre chán quá , chắc đẩy đi kiếm con 3a hay 3 thường bản test hehe",pos
mua bản imei 99 về xài esim cho hiện đại,pos
bản eu mở khóa oem đc vọc vạch cài rom vớt root đc thì phải,pos
đang cầm được một em 4a. mọi thứ ổn như kỳ vọng chỉ có màn hơi ám vàng. không biết các đời trước có bị không sent from google pixel 4a via nextvoz,pos
"khác nhau ở việc cho phép unlock booloader eu có, us không. mua us cho rẻ vì thời đại này rảnh háng đâu mà đi nghịch rom, chưa kể là dùng pixel. máy nào cũng dùng được ít nhất 1 sim vật lý bình thường bản mỹ imei 35, eu là 99. việc pixel 3a imei 35 có add được esim và dùng 2s2s hay không em nghĩ là liên quan đến cả còn hợp đồng với nhà mạng nữa. vì thấy có clip test add thành công, nhưng cũng có ông kêu ko được inbox fb em kêu thế thì biết vậy chứ đã dùng 3a bao giờ đâu . thím thực sự có yêu cầu 2 sim thì qua group trên fb hỏi cho chắc hàng mỹ loại a pixel 3 64gb giá 3.8, 3a 32gb giá 2.8. em thấy 1 triệu xứng đáng cho 3 vì nó hơn mọi mặt từ chip, màn, loại bộ nhớ trong nếu thím chỉ dùng 1 sim",neg
0044 no face id taobao,neg
"gần 8 triệu thì phải full sáng 90hz không sao có điều sáng em gắn sim vô test, sim em sim 3g cứ được tý là mất sóng không dùng data được thôi để chụp ảnh cũng được không biết phải do android 11 không",pos
"do android 11 đó thím, vui vui lại mất sóng, dùng như hạch. mà thím mua shop nào đấy, em để full sáng thì ít thấy, chứ bình thường toàn 60 , lâu lâu lại giật, ức chế vc, đẩy xuống 60hz thì ko sao. có comment trên taobao cũng bị nên nghĩ là lỗi chung",neg
vậy tích vốn để cuối năm rước em.,pos
để tý em để tầm 70 xem có bị không rảnh xuống ăn roi 10 coi sao hình như shop này nè 2k tệ,pos
"cùng một chuồng rồi , may mình dính mỗi lỗi này",neg
màn hình màu không được ngon lắm thì phải,neg
đm google phát lên android 11 gg pay toạch luôn,neg
"màn con px4xl của em màu đậm hơn con s10 không biết có cách nào giảm bớt màu không trong setting display color có 3 chế độ natural, boosted, adaptive thôi ps xuống android 10 mạng mẽo ok rồi",pos
con pixel 2 triệua em chạy andr 10 vẫn ổn. thay cục pin vô onscreen 5 tiếng ngon ghê,pos
"500k cả công thay ở bác long pixel vietnam bên gò vấp thím à. em hỏi các nơi thì giá tương đương nhau thôi, tùy thím thấy tin tưởng ở đâu thì thay ở đấy.",pos
"4xl bản test mà cả ship có gần 8 triệu , xin link nào thím gửi từ motorola nexus 6 bằng vozfapp",pos
"móa ơi, cục pin 1 4 giá trị máy",neg
đây bác của em ship hơn 600k bác có kèo nào ship rẻ hơn chắc rẻ hơn đó,pos
500k cục pin mới xài 1 2 năm thì có đắt đâu. thay để dt phục vụ cho mình nữa chứ,pos
"cũng mới oder bên giaonhanuytin con 3a về làm máy phụ , mà k biết bao giờ nhận đc máy",pos
e làm con tiêu chuẩn chính thức giá cũng khác thật tận 3m2 đợi hàng về review với các bác xem sao,neg
"test áp suất hơi yếu chống nước kém. còn lại ngon vl nhé, ko lỗi lầm gì, pin trâu. hôm trước em bán được giá 5.8 sau khi dùng 5 tháng. giá bình quân ở vn hiện tại chắc 5.5. nhắc lại là máy có 1 sim thôi đấy. dual sim single standby",pos
"nếu chỉ hỏi về 3xl nói chung thì các tác vụ như app ngân hàng, ví điện tử , quét qr có sử dụng được không ạ . mạng 3g khi sử dụng có hao pin nhanh không ạ, và con này có lỗi vặt gì không ạ dùng hoàn toàn bình thường hết, 3g 4g thì đương nhiên hao pin hơn wifi, 3xl giống 2xl ở lỗi ám màn nếu xui giá về tay chắc khoảng 4.3 triệu, giá này thì nên mua taobao hay mua cũ ở vn ạ giá này dĩ nhiên nên mua taobao, vì ở vn 3xl 2nd người dùng bán tầm 5.5 triệu, thương gia bán 6.3 triệu đấy là comment của mình với con 3xl mua của thương gia, mọi chức năng đều ngon choét nhé. máy mua taobao rẻ hơn rất nhiều, nếu mua được con ngon lành thì hên, còn xui dính phải con lỗi lầm gì đó thì không biết, liều ăn nhiều.",pos
"3g giờ còn người dùng à 3g thì chịu ám màn là mua về bật lên bị sẵn do vớ phải máy lỗi, hoặc xui hơn thì đang dùng thì bị tỷ lệ này chưa thấy mấy, trong gr pixel chưa thấy ông nào khóc về việc này",neg
mua 4.3 xài 5 tháng bán lại lời 1.2 triệu best,pos
"công nhận chụp nét thật ảnh to, nét",pos
"pixel 3 hay 4 đây fen, nhìn nước ảnh thích quá",pos
4xl no face id,neg
no faceid thì dùng gõ mật khẩu à bác,neg
ngồi mốc mồm 4 ngày rồi còn chưa giao hàng đến kho 1 tuần nữa k kịp lấy máy rồi,neg
"hổm mua con 3xl này, xài dc vài bữa cho thằng em bật max 100 độ sáng mới chịu dc, màn hình tối ko sáng bằng oneplus 7t đang xài sạc lâu, 18w lâu vkl cam 1 cái ko có góc rộng chụp chán tiễn vong",neg
không biết có thím nào còn dùng sim 3g không không biết do sim hay do máy 3g hay rớt quá,neg
"mua trúng hàng lô hả fen con 3xl của thằng bạn thấy sáng ok mà, ra nắng thì ko quá sáng nhưng cũng tạm đủ nhìn mà. còn sạc thì như bao cục 18w khác thôi, gần 2h full",pos
"cầm con oneplus đi thấy 3xl màn nó tối, dù đẹp nhưng tối ko đã xài 2h là lâu, con oneplus 7t sạc 30w chưa tới 1 tiếng",neg
"mình cũng xài pixel 3 đây, so sánh với con htc u11 thì con pixel 3 ngu si toàn tập, ăn mỗi chụp hình chứ ngoài ra mọi thứ thua hết từ pin, màn, loa, quay video, mic thu âm, mic thoại, nhiệt độ khi sử dụng điện thoại google pixel 3 đều dở như hạch.",pos
"trước đây em cũng máu con u11 nên vào mấy group fb hóng suốt. về âm thanh. thu âm pixel 3 thua, chứ chưa thấy ai khen pin u11. dưới đây là ví dụ, pin u11 sụt còn hơn s8 trong khi pixel 3 ăn được s8 hay kể cả s9",neg
"thời điểm hiện tại thì trong tầm 4 7 triệu, pixel còn xuất sắc không các đối thủ đến từ tq hung hãn quá",neg
"ko, tùy thuộc vào mục đích, lợi thế của pixel là ảnh cùng độ mượt, ngoài ra các điểm khác đám tàu ăn đứt.",pos
"p3 nóng hơn nè, màn xấu hơn nè, nhỏ hơn nè, thiết kế cũng k có kính 3d như u11 nè. loa nghe dở hơn nè, thu âm tệ hơn nè, pin cũng cùi hơn nè nhiêu đó đủ chưa",neg
"nóng do chip 845, bù lại hiệu năng tốt hơn chất lượng hiển sêm sêm thôi nhỏ hơn nhưng tỷ lệ 18 9 cầm gọn và dễ hơn u11, u11 ko có ốp thì quá khó cầm nắm pin cùi như nhau thôi loa, thu âm thì tuỳ đánh giá mỗi người mình thì thấy như nhau mình là fan u11, nhưng ko đồng ý việc bảo px3 thua u11",pos
ảnh lộ con px5 thím,pos
"sắp về rồi đó thím, nhớ review nhé để em quất 1 con, éo hiểu sao có bản 32gb",pos
đang đặt 32 gb đây đang dùng 1 máy rồi con 3a cũng để nghe gọi chụp vớ vẩn thôi chả quan trọng lắm hàng đang tq vn rồi mong có trước sinh nhật,pos
"gian thương bán 11 triệu cách đây cả tháng rồi cá nhân mình nghĩ 8 triệu ok, trên nữa ko đáng",neg
"tôi ko nhớ là có chữ 5g hay ko fen à. nhưng hơn tháng trước có thấy thương gia rao rồi. follow 2,3 thương gia, thấy 2,3 rao lại, có vẻ hàng chưa dc chạy cho lắm do giá cao",neg
"hàng tuồn toàn thương gia vn bán mà bác chả ảnh hưởng gì đâu, giá pixel 3a 3axl 3 3xl 4a 4 4xl vẫn cao chót vót",neg
"bác nào lên android 11 pin tụt hơn android 10 không con px2 triệua em bản 10 onscreen được gần 5h, lên 11 giảm còn 3h30 4h thôi.",neg
với tác vụ bình thường có khựng lag gì không thím. trên youtube thấy bảo lúc chuyển đa nhiệm không được mượt cho lắm vì chip cùi,neg
pixel 5 như kiểu muốn đấm liên tục vào mồm fan ý nhỉ. gửi từ xiaomi mi 8 se bằng vozfapp,neg
"nhín vỏ nguyên khối thế kia chắc là nhựa rồi. nhưng đc cái mặt trước cằm mỏng, đẹp. pin chắc là trâu. chờ nó hạ nhiệt rồi mua làm máy phụ",pos
máy pixel thấy chờ hạ nhiệt chắc cũng phải 2 năm sau,pos
"pixel 5 vỏ nhôm pha ke à,vẫn có sạc không dây.lại không thấy vạch cắt anten pin to hơn mà lại nhẹ hơn con 4a",neg
"dạ không thím ơi, mấy tác vụ cơ bản em thấy nó vẫn mượt như android 10 thôi",pos
"mình có con 3a xl lúc chuyển qua lại youtube, game, chrome và các app khác không thấy lag gì nha thím.",pos
"nhìn vỏ nguyên cục, không thấy rãnh cắt đâu, mình đoán 99 là nhựa rồi thím, nhôm thì quá vô lý. gì mà lâu vậy thím, pixel 4 giờ giá tầm 10 triệu chứ mấy.",pos
google đặt quả giá ngu rồi. con này 700 đô thì s20 fe với iphone 12 đấm vỡ mồm xuống 600 đô mới né được 2 thằng kia,neg
combo iphone 8 nhỏ pixel 3a thấy siêu ngon. lên từ 6s pixel 1. cái tiếp theo chắc là se20 4a chăng thấy pin hơi hẻo,pos
hôm nay rảnh vọc thử thì khi mình check imei của máy pixel 4a trên google store không ra. trường hợp này là sao nhỉ các bác,neg
"toang rồi các bác ạ em chán quá , vừa nhận hàng , bật lên loạn cảm ứng , tiêu chuẩn chính thức máy đẹp leng keng từ khay sim đến lỗ loa, mà con màn như ép kính vậy",pos
"em bán con 4xl 1 thời gian nữa chuyển qua con 4, rồi bán luôn con s10 xài 4 làm máy chính luôn chụp hình",pos
bay ngay 3 triệu 4 cả ship sủng nghĩ nó chán,neg
"bữa order báo gấm về cho thằng bạn chết nguồn, xog nó ko cho đổi trả vì hàng 2nd mất 2 triệu",neg
up lên cho các dân chơi. tôi cũng thích pixel đấy nhưng để bỏ 5 7 triệu mua hàng 2nd mà lại còn thông qua dịch vụ ship chứ không phải trực tiếp thì quá rủi ro.,neg
"theo mình nghĩ pixel mua ở thị trường nào phải check imei ở đúng google store với tên miền của thị trường đó. imei 35 thì chọn region us, 99 thì những nước khu vực châu âu. như con 3xl mình thử với gb thì 1 phát ăn ngay",pos
chắc thêm 2 300k nhưng với cái biên hiện tại chắc đổi trả mất tầm 2 tháng sent from u11 using vozfapp,neg
ko có cảm biến quang phổ với chip xử lý pixel visual core đâu thím,neg
thằng pixel cứ như thử các kiểu ấy nhỉ không gộp hết lại tính năng vô 1 con con cần vân tay thì k có con có vân thì cam k có,neg
"px 5 cũng ổn mà thím, có mỗi chip k phải đầu bảng thôi. mà mình thì k chơi game, nên thấy con 765g không vấn đề gì, chờ coi hạ nhiệt rồi mua một em. thích kiểu màn đục lỗ mà lệch một bên, chứ đục ở giữa thấy gớm gớm, như mấy mẹ ấn đụ dán cái cục giữa trán ấy",pos
quất lại cho anh em thấy,pos
con pixel 3xl của mình,pos
"mềnh vừa join grp fb hôm qua. vào grp thì thấy đa số gian thương chê hàng taobao là hàng dựng. quả thật cầm 7 triệu đi mua taobao nó cũng rủi ro thật, nhưng các gian thương bán hàng mắc vcl. chả biết hàng căc lão ấy mua ở đâu hay cũng hàng taobao ra .",neg
thốn thật đợt tháng 9 máu dồn lên não tí mua con 3xl trên đây. thím gửi link shop cho ae biết đường né nào,neg
"chuẩn fen, gì đâu mà con pixel 3 có nơi bán 4m4, có nơi bán 6m, có nơi 5m6 cho hàng 98 99",neg
"nó đang là shop bán pixel chạy nhất taoboa đó , em nghĩ nó gửi mẹ con loại 2 cho em chứ k phải tiêu chuẩn chính thức , hàng ép kính",neg
của mình không hiện giống bác nhưng hiện là số imei không tồn tại luôn. nhiều khả năng giống như bác trên nói là hàng tuồn rồi.,neg
em lại cho nó về bên tq rồi bên giaonhanuytin nhận xịn thực sự,pos
"phí ship 2 chiều giá máy cũ mua có bảo hành tại vn, haha. chưa kể nhận máy xong nó éo gửi lại bác thì bác làm thế nào, hoặc gửi thêm 1 con máy lỗi khác nữa thì khóc tiếng hán",neg
"mấy con pixel hay sale lắm nhất là black friday, đợt con 3 từ 799 còn 499 nữa là. em canh con 3a đang xài là từ 399 còn 279, ship import tax amazon ship thẳng về gầm giường có gần 8 triệu",pos
thế thì mua 4a của gian thương ngon hơn nhiều,pos
liên hệ shop trả hàng hoàn tiền thôi thím. chỉ hơn kém nhau 32gb bộ nhớ trong mà giá từ 4.2 2.8 là có vấn đề rồi,neg
"ko rành mua mấy trang đặt hàng như trên, sợ hư hao gì ko có ai bảo hành sửa chữa. ở sg mua ở cửa hàng nào mấy ông p s con 3xl nhé",neg
"uh chủ yếu là mua hàng bên đó rủi ro cao, có việc gì thì rách việc thôi",neg
"3xl mua của người dùng tầm 5.2. còn nếu mua của shop, có bh thì 6.0 là con số hợp lý, nên mua con đó",pos
"nay vào mới thấy con 3xl 64gb loại a ở link đắt mới giảm từ gần 5 triệu xuống 4.1 triệu, máu quá đặt luôn khôn biết có dính hàng lỗi không nữa",pos
"đây bác, định đặt luôn mà xem mấy cái đặt cọc với nạp tiền loằng ngằng quá thôi để sáng mai tính",neg
"nghe nói các review chê loa dưới màn con pixel 5, phút thứ 11",neg
"con pixel 5 với 4a 5g dc cầm rồi con 5 thì khá nhỏ, cầm gọn tay con 4a thì to hơn tí cầm đầm tay hơn về chất liệu thì 1 con kim loại 1 con nhựa nhưng cầm k thấy khác biệt gì mấy, vì vỏ nó nhám nhám chỉ có điều nút bấm của con 4a bằng nhựa màu khác nhìn hơi chán",pos
"loa thoại con 5 sao thím thấy bọn youtuber nó chê. ưng con 5 này nhất trong các đời pixel, mà bọn gg lần méo nào cũng làm cái đth có điểm yếu gì đó, shit.",neg
3xl giờ vẫn ngon,pos
"4xl bản no face ở vn có thương gia bán 9 triệu thôi thím, mua ở vn cho yên tâm",pos
"e vẫn lấy 3a thôi , lỗi nữa thì cất tủ tết mua 4 or 4xl",pos
tính ra tiền ship 3 lần cũng 6 700k nhỉ,neg
"máy em lỗi trả bảo hành bên vận chuyển , giao cho bọn bán rồi đợi hàng về thôi",pos
"dùng bình thường thì cấu hình với con chip vẫn đủ, chủ yếu sợ hàng mông má, với ám màn",pos
sao mấy ông tàu bán pixel 4a thường đắt hơn bản 5g nhỉ,neg
e cần nó sống để chụp ảnh thôi nhục vì máy phụ lắm r,pos
"18 triệu, dở hơi mới đi mua px5. 18 triệu mua đc 11p rồi.",neg
pixel 4a lên giá 10.5 chai rồi,neg
tích góp đc 2 triệu đặt con pixel 2 về còn ổn các bác,pos
chịu đc pin yếu thì ok.,pos
"chào các thím. tình hình là mình mới hốt 1 em 3xl của 1 ông ở sg, dùng khá ổn áp. có điều người bán đưa mình củ sạc này hình như không phải củ sạc chuẩn của google xài ổn không ạ",pos
up nhẹ team pixel,pos
hà nội đang có con px3 zin nguyên áp giá đẹp,pos
chỗ nào bán thì mình không biết nhưng mình dùng pixel 5 với esim viettel ngon nhé,pos
"con 4a giờ giá vẫn cao quá, bằng mịa cận cao cấp rồi",neg
pixel 5 giá ở vn toàn tận 20 triệu .,neg
"pixel 5 mà tầm giá 12 triệu có ổn k mấy thím , bên nhật giá ngon quá ạ cam thì nghe nói cài cam mod sẽ tắt âm dc nên k lo lắm",pos
thực sự nể những fen có tiền mua pixel 4 4xl 5 tôi sài con 4 thấy ko xứng đáng với giá xèng chút nào,neg
mình chưa gặp vấn đề gì với loa thoại cả. nhiều khi còn phải cho nhỏ lại thì to quá,pos
"3axl vừa rẻ vừa trâu bác, bác có đk thì lên pixel 5 sent from google pixel 3a xl using vozfapp",pos
"không cấu hình cũ quá rồi, pixel 2 còn đuối nữa là pixel",neg
"xài pixel 3 mà t còn thấy chậm, chụp ảnh còn phải loading nhẹ gần 1s. xài con 3a chip vừa yếu, vừa k có chip xử lý hình ảnh riêng, lại còn sử dụng bộ nhớ cổ lỗ xỉ. chậm có mà đập máy",neg
"dùng con 3a với 3axl mất mẹ cảm tình lưu ảnh lâu, lại méo có ai chụp ảnh đâu",neg
"3a h tầm 3.5 triệu hàng mới chưa sử dụng, pin đc hơn 7 tiếng onscreen đang dùng để comment",pos
"với tác vụ hàng ngày thì chưa thấy lag em ko có thói quen tắt app , em mua ở bảo long",pos
nhưng mà hàng taobao mua online ko được xem tận nơi cũng rén bác ạ,neg
"rung dc, ko yếu, mỗi tội auto độ sáng ko nuột lắm, chắc vấn đề chung của nhưng con full màn, cảm biến nó khó như những con màn viền dày như xưa sent from google pixel 5 using vozfapp",pos
"đợt vừa rồi em mua con 4a ở anhemmobile. thấy khá là ok, shop nhìn hơi bé tí.",pos
pin hơi yếu dùng nhiều không đủ một ngày. nhiều features và cam đẹp vậy thoai. 2 sim thì nó hên xui tùy con có con để chạy 2 sim 2 sóng mệt vkl sent from nokia cục gạch using vozfapp,pos
thích con pixel 4a 5g vl mà đắt cũng vl,pos
bỏ đi. chip cũ quá rồi,neg
thích 3axl đợi còn 3 triệu hốt,pos
"con 3xl 128g mua đâu được giá tốt nhất nhỉ, thấy giá ở hà nội còn đắt toàn trên 6 triệu gửi từ v0z bằng vozfapp",neg
tôi cũng thích nhưng đợi về 3 triệu thì phải 1 năm nữa,neg
"pin 3xl đủ dùng thoải mái 1 ngày bỏ dòng 3a 3a xl đi, máy lag , chụp ảnh chán vloz",neg
lưu chậm mà ko có ai xử lý ảnh đẹp bằng mấy con dùng chip đầu 8 đâu,neg
"mua rồi nè các thím, pin tụt như tụt quần. màn hình đẹp miễn chê, chụp ảnh đẹp. onscreen chắc cỡ 3 tiếng, tại mua máy cũ sạc 1 tiếng rưỡi. ko biết do củ sạc hay do máy nó vậy. với con 845 có vẻ hơi nóng. chạy bình thường, lướt voz là nó ấm ấm rồi. game e chưa chơi nên ko biết. gửi từ google pixel 3 xl bằng vozfapp",pos
sập cmn giá,pos
"con pixel 5 này lẽ ra phải xuống giá nhanh hơn nữa vì nó chỉ là đth tầm trung. giờ vẫn 14 triệu, mắc quá",neg
"đang dùng con pixel 3a hiện tại, gần như không có gì phải chê trừ việc nó dùng emmc 5.1 . giờ lên 4a ufs 2.1 ngon choét. chờ xuống tầm 5,6 triệu thì hốt luôn",pos
con pixel 3a 32gb dựng của em mua taobao vẫn sống các bác ạ chụp ảnh vẫn mê ly,pos
px 4 4xl được đầu hongkong báo giá tụt quần,pos
giá bên tàu báo giá 6x,pos
minh cũng phân vân con 3a với s10e. nhưng mà s10 e có vẻ ngon hơn nhiều,neg
"vote 4a5g, date cao ít rủi ro",pos
pixel ngon nhưng pin yếu sinh lý quá mấy fen. đang nghía con pixel 5,pos
có ông trên group bán 4xl 6.8 triệu kìa pác via thenextvoz for iphone,pos
"amazon ps đang xài px 4 và hài lòng, trừ khoản lên ăn roi 11 lỗi xóa ảnh là đơ, cam lâu lâu đơ có nên lên 5 ko nhỉ bữa so sánh rồi mà lại quên mất",neg
"e mới mua con pixel 2 làm máy phụ , nhà có mấy cục sạc quick charge 18w , cục 15 w của samsung còn shop thì nó tặng cục 10 w mình nên dùng cục nào nhỉ",pos
ở đà nẵng vẫn toàn giá 10 triệu cho con 4xl định kiếm một con mua trả góp mà chua quá,neg
mới làm con 4xl trắng để thay thế cho ip12,pos
3xl chụp vẫn rất ngon nhé sent from google pixel 3 xl using vozfapp,pos
"không bị thím ơi, màn đẹp",pos
"máy mình không bị, dùng cả 2 app zalo đều không vấn đề gì luôn. đã test trên cả android 11 lẫn 12 dp3",pos
mấy con đầu 3 thấy nhiều người bảo bị loạn cảm ứng khi up 11 via thenextvoz for iphone,neg
e thì chưa thấy bị sao gửi từ google pixel 3 xl bằng vozfapp,pos
"được 9 10, nhược điểm duy nhất là không share media cho app clone linh hoạt đc như app gốc thôi. còn lại thì hoàn hảo.",pos
khẩn cấp bác nào dùng google pixel 3xl có thể cho em feedback có phải là màn độ sáng thấp không để 50 khá tối luôn ý ạ. để 70 trở lên mới được. 100 thì sáng hẳn rồi.,neg
chính xác đấy thím. mấy con pixel đều có điểm yếu là độ sáng màn hình thấp. so sánh với flagship samsung chỉ cần 40 50 là đủ sáng thì pixel phải 70 90 . nên con pixel3xl của thím độ sáng thấp là bt,neg
"mới lấy con 4a, mà cái thanh google search ngứa mắt quá, giờ launcher nào ngon nhẹ chạy được với android 11 anh em nhỉ gửi từ oneplus 7t bằng vozfapp",neg
3.7 triệu giờ múc đc 3 xl rồi,pos
"loa thì chắc chắn hơn đứt mi 8. mic thì e ko biết, nhưng con 3xl mic thu hơi tệ, ko tịt tịt như tụi xiaomi mà nó lẫn tạp âm nhiều. nghe nói có mỗi đời 3 bị thì phải, chắc 4 ngon hơn. rung thì ngon như bên iphone. rung tê cả tay luôn. nên mua bác nhé. sent from google pixel 3 xl using vozfapp",pos
vừa múc con 4 xl dùng phê vãi cức,pos
pin còn 99,pos
cầm nắm thon thon thích lắm,pos
"giá ngon vậy , mà hình như ông này mới bán bản pixel 4 nay lên lại 4xl à",pos
"4xl bên bảo long 99 vẫn 8.99, mãi không thấy xuống thêm bên mobileworld thì như nào, mọi người review giúp mình với.",neg
"5 thì không rõ, mà 4a mình thấy rung yếu",neg
"em lấy 5 luôm r thím, rung bần bật thích thật gửi từ google pixel 5 bằng vozfapp",pos
4xl rung yếu xìu. để trong túi mà không biết nó rung gửi từ google pixel 4 xl bằng vozfapp,neg
đỡ hơn con 4 mới còn rung chả biết gì,neg
"kì, ta con 5 em thấy rung mạnh lawmz ủa motor rung mau yếu lắm hả thím gửi từ google pixel 5 bằng vozfapp",pos
có ông kia bán 3xl 3.7 triệu hàng 98 via thenextvoz for iphone,pos
"mình mới mua con pixel xl cũ giá 1.5 triệu , gcam chế độ chụp đêm xài rất tốt up free lên photo k kết nối đc vs pc bằng cáp nên khó chuyển dữ liệu không có sd card",pos
"mua pixel cũ thế này hên xui quá,pin lại hẻo. sao các bạn ko mua máy tầm trung xiaomi, màn hình đẹp, tần số quét cao, pin khỏe về unlock rồi cài rom pixel có phải hơn ko",neg
"nhớ hình như là 1 cái unlock bootloader được đó fen,3xl hàng 98 99 có 900 tệ sent from mi9 lite using vozfapp",pos
"giờ dịch ko bên nào nhận đồ điện tử .. mua ở vn thì hơi cao, sợ dính phải hàng loại 2 thì cũng lõm",neg
tiếc là dev chính của gcam đã ra đi từ đó tới nay gcam k thấy có gì đột phá,neg
"re đó, mình mua hết hơn 8 triệu",pos
"pixel 3 thì cũng ko sao, em nhu cầu ko nhiều. ít chơi game, chủ yếu lướt web, fb, youtube ít lag. lock thì em ko thích lắm. cũ mà ko lock thì ok. nên 3 hay 3a thế với lại, ở sg thì anhemmobile ổn ko nhỉ các thím",neg
ngó giá nên đây mắc vãi nồi. có ông kia bán 3.7 triệu kìa. dư 300k làm cap sạc via thenextvoz for iphone,neg
"vậy lấy 3axl cũ thôi. pin trâu, trải nghiệm mượt. chụp ảnh okie. lưu ảnh hơi chậm tý thôi. em khoái vụ cam trước nên lấy px3. pin sạc ngày 2 lần cũng đc.",pos
"thế là bác lại bị hớ rồi, giờ người ta lên 4xl chứ mua 3 vào thì mấy hôm rồi lại đổi gió",neg
mới dùng con pixel 4xl dc nửa tháng. cảm nhận vẫn thích con nokia 8 cũ hơn đã ra đi màn hình do rơi trên bàn xuống nên mới mua 4xl .,neg
"mình cũng thấy con 4 xl hơn 3 xl ở cái màn 90hz mượt mà hơn thôi, còn mọi thứ như đánh giá của thím này cái ram 6gb vs 4gb nữa",pos
"chuẩn, ram 6gb và 4gb là sự khác biệt kha khá đấy. 4gb hay tràn ram lắm dù đã được tối ưu rất tốt. cái 90hz cũng là 1 trải nghiệm xứng đáng bỏ thêm tiền. camera thì chụp bình thường không phân biệt được thật nhưng chụp xoá phông ngược sáng thì mới thấy 4 xl bá cỡ nào",pos
"đúng là nó khá giật thật, nhưng với mức giá thế thì nó vả bọn tầm trung hiện nay phát một ak còn 1 điều nữa, con 3xl nóng phết, cái này chắc do con chip 845. chứ 855 trên 4xl thì lại ngon, mát",neg
khen 3xl là khen cái giá bằng 50 con 4xl thôi chứ nó thua 1 đời hiệu năng thua rõ là đương nhiên roài,pos
những chiếc thuần gg lúc nào cũng chạy mượt quà ổn định,pos
"630 đồng tệ rẻ vkl mua về xài chơi cũng ngon, mỗi tội mùa dịch ship về chua quá",pos
tính ra hơn loanh quanh chưa đến 3 triệu gì mà chua thím,pos
"mùa dịch mấy anh ship giá mắc hơn bình thường một chút tôi ko nói, vấn đề là hàng điện tử đi lâu vkl với hên xui nữa",neg
"đang xài con này, mọi thứ ok hết, chỉ trừ cái màn hình chỗ bo viền không được tròn trịa, hơi phèn thôi.",pos
3a xl fullbox thương gia vn bán có 3.5 triệu thì mua ship làm gì,pos
"chuẩn bác, nhiều chỗ bán có 3 triệu.",pos
"cho xin cái địa chỉ luôn b ơi tôi ngó sơ sơ toàn 3.7 3.8, nói mà không dịch ship tàu về rẻ hẳn 1 3 cũng đáng chớ",neg
"em vừa order gian thương ship bên tàu về, được cái họ check hàng kỹ rồi mới giao cho mình, tự ship rủi ro lắm, mua về nghịch nên cũng không gấp",pos
3a xl new full box lock có 3 triệu 2 luôn à. hóng giá pixel 4 lock,pos
tui mới mua 3 128gb giá 4.2 triệu này.,pos
giá thế là cao mà nhỉ,neg
"em có con pixel 2 mà nó bị vọng lại tiếng của người mà mình gọi hoặc nguời ta gọi mình, ng ta nghe bị khó chịu lắm, không biết lỗi này là sao , xin nhờ anh em chỉ dùm hoặc tìm chỗ sửa ạ . xin cảm ơn anh em mình ở tphcm",neg
"ăn roi cởi chuồng như cc,còn đang bị lỗi khi dùng launcher ngoài sent from mi9 lite using vozfapp",neg
"2,3 triệu làm chẵn. rẻ thật cơ mà phải xem hàng bán lô ko",pos
"cũng là 1 trong những lý do kiếm thêm con pixel vẫn up thả ga nhưng theo tôi biết là chỉ con xl đời 1 là dc up ảnh gốc, các đời khác ảnh hq thôi",pos
vẫn unlimited nhé chỉ là chất lượng ở mức hight quality thôi duy chỉ pixel 1 vẫn hỗ trợ original quality nhé,pos
"nhầm rồi thím ,em mua con này hồi tháng này năm ngoài giá 8 triệu full box",pos
tìm hiểu lại thì boss gg photos nói px 2 5 vẫn unlimited nhưng chỉ dc hq. vụ xl đời 1 mình đọc đâu đó éo nhớ cũng tìm éo thấy nên chắc fail,pos
"ảnh gốc hay chất lượng hq thì nhìn trên điện thoại, và để up lên mxh ko khác biệt gì nhau đâu, nên pixel nó cho free ảnh hq vẫn là ok rồi",pos
bác nào dùng pixel 4 nói riêng và cả 4xl nói chung cho e hỏi các bác hay dùng độ sáng bao nhiêu em dùng pixel 3 tối đi ngủ cũng phải 60 sent from google pixel 3 using vozfapp,pos
"dòng pixel độ sáng thấp, con nào cũng vậy nên thế là bình thường bác ạ.",neg
"android 12 như cái đb ấy các bác, uống pin như hút máu",neg
"e thấy trên group fb đăng vậy hình như bonmobile gì đó, 3xl mới 3.7 triệu",pos
"ăn roi thuần đó fen đến custom darkmode cũng méo có để chỉnh,chứ app voz để darkmode muốn đui con mắt sent from pixel 3 using vozfapp",neg
dòng pixel này ngoài chụp ảnh đẹp ra thì nghe gọi có to rõ rung reo ngon không các thím nhỉ . chưa thử dòng này,pos
"nghe gọi to rõ, rung hơi yếu so với iphone , loa thì ngon 3, 3xl gửi từ google pixel 3 xl bằng vozfapp",pos
"mẹ cay vãi bọn android này cái android auto như cạc, tí lại lỗi",neg
"nhưng mà rung nó vẫn ngon hơn mấy con mì xào chứ thím hả trước có thử dòng mì xào mà rung như không rung , toàn miss cuộc gọi và đã rời xa đội mì xào",pos
"rung hơn mì xào, tất nhiên rồi, nhưng vẫn thi thoảng miss cuộc gọi gửi từ google pixel 3 xl bằng vozfapp",neg
dùng kiểu hơi khổ dâm ấy cái gì cũng ko có haha,neg
android 11 ko bị cái đó bác ợ sent from google pixel via nextvoz,pos
sếp này đang bán pixel 4 đã độ pin 6 triệu. nằm suy nghĩ mấy đêm vẫn chưa thông,pos
vào hội pixel là ra bác ạ. quang vinh doan. mà em cũng chuẩn bị say goodbye với pixel 3. nhiều máy quá hôm qua vừa cho con oneplus 7 pro về android 10. chắc là dùng tốt hơn thật. chắc cũng bay luôn con 7t.,neg
em cũng đag nhắm c đó hoặc 4xl lock. cơ bản muốn trải nghiệm thử bác ạ. độ pin 9h thì cũng hơi ảo thật gửi từ realme rmx2121 bằng vozfapp,pos
"mới mua con pixel 3 , pin hơi tèo mà máy phụ nên dùng cũng ít chủ yếu chụp đêm, với xem map via thenextvoz for iphone",pos
4g dùng ngoài trời được 4h nhé bác. ở nhà lên được 5h 6h. bọn này phải để sáng hơi cao 1 tí. em cần pass 1 con 128gb nhé ạ.,neg
"bên này mặn quá, 4xl treo toàn 9m",neg
"bọn này cũng thuộc thành phần ngáo giá mà khs lại được tiếng uy tín , nếu là chưa từng phốt thì rất nhiều shop và thương gia khác giá hợp lý hơn nhiều.",neg
"cũng ham mà cái tai thỏ to thù lù, đã thế lại không 5g, ngó sang con 4a khéo thấy hợp hơn",neg
chụp ảnh thì đúng pixel 10 thật nhưng cái khác nó bt lắm. 8 triệu bác thêm 500k mua em con oneplus 8t lướt còn bhv vả vỡ mồm 4xl.,pos
"thương gia đang bán hơn 9 triệu, user ngáo giá cũng bán 9 triệu",neg
mua ở đâu uy tín mấy pác... bên mobileworld có 6750 mà ở xa ko test dc. via thenextvoz for iphone,pos
"trước e thấy trên hội pixel có bác kia bán máy kèm độ pin là thêm 200k, không biết độ pin thôi thì giá thế nào",pos
"nhi n gia pixel giơ đe p qua zơ i, tu t nhanh kinh, xem qua thâ y ae ba n 4xl toa n 7 triệu 8 triệu ma ma y đe p",pos
"đang dùng 4 đây fen, máy mát nhé giá user đang tầm 5 đồng 5 là đẹp",pos
"thời điểm mình mua là 6 triệu, mua cũ thui, giờ rẻ hơn rồi",pos
"tất tật mà có 40k á thím, rẻ vậy mà nếu sạc nhanh thì nó hiện charging rapidly nhé",pos
pác cho hỏi thấy nó ghi o m là gì vậy pác. thấy 3xl 64gb 1 gạch nó để giá 760 tính ra về cỡ 3.1 triệu 3.2 triệu. mà thương gia vn bán tới 3.8 triệu 4 triệu via thenextvoz for iphone,pos
tóm lại m với o thì bác nào thích vọc vạch uprom rủng thì lấy bản o còn dùng phổ thông thì lấy m,pos
vote bảo long nhá fen. uy tín giá rẻ thợ cứng pixel dễ sửa chữa tôi mua 3xl dùng sắp đc 1 năm rồi thấy ngon đét sent from google pixel via nextvoz,pos
"cảm ơn bác đã chỉ cách, mình ghi âm thì không bị, chỉ khi thoại mới bị thôi á",pos
"thím nói mới để ý, theo mình nhớ trước đây tất cả các option đều đi kèm sạc cáp. giờ nó đổi thành bản chính thức mới kèm sạc cáp. mà bộ sạc cáp zin gg c to c cũng không rẻ",neg
vừa lấy đc e pixel 4 cam 128gb. tính ra tầm 6.5 triệu mà viền hơi xấu thì có hớ k các bác gửi từ google pixel 4 bằng vozfapp,neg
4xl lock full chức năng như quốc tế 6450k,pos
"4xl order đang trên đường về rồi, hóng quá 3xl ra cũng lâu, giá giờ dịu lắm rồi, zin ziếc làm gì cho đội giá, dùng ngon là được, bác kiếm gian thương trao phân gửi thận cho đỡ đau đầu",pos
tầm giá 3 triệu thì con này dùng quá ngon rồi. quả pin thì cứ phải gọi là bá đạo.,pos
"các fen thấy thương gia kenta9x này bán hàng ổn không chứ mình hỏi thấy bán con pixel 4 99 còn cam kết zin keeng, nguyên áp mà bán có 5500 rẻ hơn cả bên taobao",pos
"bên này trc buôn bb cũng có fame, vài năm nay thêm món android chưa thấy phốt gì. thấy bán pixel cũng rẻ, mấy hôm trước bán px3 128gb có 3 triệu 1",pos
bên taobao bán con này chưa kể tiền ship về đây là 5700 mà bên kenta9x này bán 5500,pos
chắc nhắm mắt làm con 4xl bên didongmy quá. 6.5 triệu via thenextvoz for iphone,pos
"chuột bạch đi thím ei , em cũng đang muốn đú. ngó giá, 6.5 triệu, 7.5 triệu, 8.8 triệu,... giá ảo lòi. mà không biết mấy con này check bản locked hay world thế nào nhỉ",neg
mấy bác dùng thế nào chứ e thích pixel 4 trông nhỏ gọn chứ dòng xl to cầm không vừa tay lắm gửi từ oppo r1001 bằng vozfapp,pos
"mình đang dùng 3a xl. làm sao để xoá đc mấy cái ứng dụng của google nhỉ, như chrome, youtube...toàn mấy cái cài ở ch play",neg
"bác nào tính mua pixel 4 xl thì nên cân nhắc khoảng pin nhé. ko trụ nổi 1 ngày làm việc 8 tiếng onscreen chỉ lướt web thôi. điểm nữa là ko có thẻ nhớ mở rộng, tuy nhiên dc cái goole hỗ trợ dung lượng google one. nếu cho mình quay lại cách đây 2 tháng thì mình sẽ chọn con khác. ahihi",neg
"à con pixel 3 với 3xl pin được mấy tiếng nhỉ mấy bro, pixel 3 nhỏ gọn như pin có vẻ hẻo . chọn làm máy phụ chỉ để chụp ảnh nghịch nhưng pin hẻo quá cũng ngại",pos
con 3xl hàng ref ngon thế bro . mua mấy củ ở đâu thế,pos
"giá rẻ mà máy ngon đó bro , hôm nào rảnh phát chạy qua lựa mới được . cứ đợi lô hàng mới về rồi qua lựa là ok",pos
3xl dùng ổn à bác trước cầm mấy hôm tiếc vì màn đẹp. xem netflix công nhận cũng thích. nhưng pin yếu quá 3,pos
"không ám nha fen nhưng áp yếu,hình thức có con xấu sent from pixel 3xl using vozfapp",neg
"pixel chụp đẹp thôi chứ nếu mà không đẹp lấy mấy con xiaomi, lg cũ ấy ngon hơn nhiều",pos
chính xác là chụp người và xóa phông đẹp thôi. chụp cảnh thua xa huawei...,pos
"mà anh em ai có ứng dụng nào clone app hoạt động tốt 1 chút không,pixel nó không được tích hợp sẵn",neg
nhờ ông chú mua đc con máy 5 triệu 7 ngon choét,pos
"855 vẫn ngon, mạnh hơn 4a lẫn 5 ra sau. giá các shop bán tầm 7 8 triệu.",pos
chưa biết xuất sắc đến đâu nhưng riêng cái android gốc của bọn này dùng chán kinh,neg
máy không phải thị trường us uk thì check không ra bảo hành,neg
"ở hp thì có mỗi lão cường maruko thôi,mỗi tội giá bên đấy cao quá,nhưng nghe anh em đánh giá cũng khá uy tín gửi từ google pixel 3 xl bằng vozfapp",neg
giá cao vl e mua con pixel 4 có 5 triệu 7 mà ổng bán 8 triệu sent from google pixel 4 via nextvoz,neg
"tín mồn, giá thì cao hơn hẳn, hàng thì đồng bộ như bao gian thương khác, hên thì dính cái không sao, đen thì ....",neg
"bị thuốc mua con 3xl ở đây, hên cái vẫn dùng ngon nên cũng không có ác cảm gì, giá thì cao hẳn nhưng hàng họ ngon, nhận máy pin vẫn còn tốt, check choác oke hết, áp zin, cho đi bơi ầm ầm",neg
"mình thấy oke, nếu yếu cũng chỉ yếu hơn không đáng kể vì mình ở trong phòng, cách nguồn phát wifi tầm gần chục mét và 3 lớp tường vẫn bắt oke. với mình như vậy là ổn gửi từ google pixel 3 xl bằng vozfapp",pos
"uk, đuối rồi, mọi thứ n cũng lỗi thời rồi. thiết kế, pin, hiệu năng, màn hình,.. gửi từ google pixel 3 xl bằng vozfapp",neg
ko nhé. wifi ngon luôn,pos
lát đi làm con 3xl 128gb bên quang vinh đoàn giá phủ lý,pos
"review mua máy bên quang vinh đoàn cảm nhận đầu tiên là người bán thân thiện, thật tự nhiên chuyên sửa hơn là bán, chắc bán vì đam mê, máy thì như các chỗ khác thôi, nói chung mình ấn tượng tốt về con người ông ấy, hậu mãi thì 1 số vozer cũng từng trải nghiệm rồi, rất thoải mái",pos
xác nhận là thương gia duy nhất cho mình trả máy mà back lại 100 tiền cho mình gửi từ google pixel 3 xl bằng vozfapp,pos
3.5 triệu fen ơi,pos
đừng lên chán lắm. nhất là cái darkmode nó ko đen hẳn mà cứ xám xám. pin thì nhanh hết. xài nhiều lúc còn lag nữa gửi từ google pixel 4 bằng vozfapp,neg
"máy thì ko lỗi phần cứng,nhưng có vấn đề với cục pin độ nói chung là back 100 là ngon rồi,mình cũng mua máy của 1 thương gia khá uy tín,tìm ra lỗi phần cứng nhưng back lại vẫn bị trừ 200k",pos
"cũng ko vấn đề gì lớn,cục pin nó ép vào màn hình thôi",neg
con 4 triệua e mod cam chụp 100 iso màn chập 1 3s chụp trong nhà ko noise luôn,pos
"à ra là con của thím, chiều ra thấy ông ấy bảo độ xong pin con trắng rồi cứ yên tâm dùng nhé mike fen, giá máy cũng rẻ quá rồi mà. sau lên đời luôn bên đó via thenextvoz for iphone",pos
"có máy đẹp đó fen,nhưng bị thay pin rồi",pos
tầm giá 3m5 chắc 3xl ngon nhất rồi nhỉ.. sent from realme rmx2121 using vozfapp,pos
"mấy con pin độ trên hội bán 4 triệu là đắt,mà giá người dùng rất là ảo,nhiều lúc bảo là đắt so với shop bây giờ",neg
"con 3xl màn có sáng đẹp không máy bác, đọc mấy nơi thì thấy bảo màn tối, độ sáng màn hình không cao. đang có nhu cầu đọc truyện tranh với xem youtube, không game gủng gì hết",neg
"màn tối. tối ở mức 50 trở về. cực kì ỉa chảy. trong nhà mình dùng 60 . văn phòng 75 80. ngoài trời 100 . 3 3xl 3a xl 3a hay 4 4xl đều vầy. peak brightness là hơn 400 nits. rất ỉa chảy 567. nhưng k ảnh hưởng lắm đâu. các hãng khác nó sáng hơn thôi. hôm nay lại xem tạch 1 con 3xl nữa. kênh nắp chỉ xíu xíu ko vấn đề do độ vấn đề là cái màng loa thụt mẹ xuống, màn hình xước tùm lum, ông bán rất ảo ma khi dán màn hình với dầu ăn để che vết xước. 3 triệu 5 cho 128gb thì cũng dc, nhưng phải đẹp, mà đẹp thì 3m7 3m8 cũng lấy. cứ tìm tiếp vậy. sent from google pixel 3 using vozfapp",neg
"mùa hè dùng màn pixel hơi khoai,từ 2k19 các hãng mới chăm đẩy bighness lên vẫn trừ thằng pixel ,màn 3xl ra nắng còn cùi hơn con 9lite",neg
google camera có bản mod cam từ mấy năm nay rồi mà,pos
e vừa cập nhật os đêm qua 320mb mà cũng 3xl sent from google pixel via nextvoz,pos
"cố tí lên 3xl cho cân bằng tổng thể bác ơi e đang dùng theo những tiêu chí của bác, ko phàn nàn được gì màn đẹp thôi rồi, xem yt, netflix đã lắm sent from google pixel via nextvoz",pos
"bác có dùng zalopay ko check hộ e với, cứ mở app lên là crash app ngay, ko vào nổi sent from google pixel via nextvoz",neg
"zalo pay máy mình dùng hoàn toàn bình thường. chắc máy b thuộc dạng tester, chuột bạch cho google rồi, báo cáo lỗi đi",pos
"giá pixel 4 giờ vẫn cao, toàn 9 10 triệu",neg
mình vừa oder taobao con này về đến việt nam 8300k,pos
vâng mới 100 phụ kiện đầy đủ,pos
mới lấy con 3axl mà cái màn nó xấu hơn cả con live 1,neg
mua hàng used mà ko bh cũng hơi rén via thenextvoz for iphone,neg
chắc máy lock đây mà. mà 3a xl mình cũng bán rồi. mua 2 triệu 3 thì 3 triệu chả bán vội. hơi tiếc tí thôi. nhưng máy hơi chậm và pin trâu quá dùng chán,pos
"được mỗi cái pin, dùng chán lắm chắc em cũng sớm cho nó ra đi ....",neg
"bản này bảo hành 2 năm ấy bác ,con pixel 3 triệua mình cũng mới hết bảo hành có 3 tháng đây",pos
android 12 cho pixel thấy bảo vẫn lỗi tung đít,neg
"thế mời ra ngoài trời nắng xem sao,tiêu chuẩn 400 nits là của 2k18 rồi giờ 400nits đó là của mấy màn lcd cùi ghẻ,đến mấy con oled cùi cũng lên được 600 nits rồi mà còn kêu tốt thì chịu",neg
"màn bình thường tối nhưng lúc bật youtube nó sáng hơn nhiều, nay bật thử 4k hdr youtube 3a xl mà nó đẩy sáng hơn cả con amoled redmi note 10 pro màn thế hệ mới.",pos
vừa thấy giá xong giá này mấy bố kia khóc thét. đợi pixel 4 xuống 4m5 4m8 hoyyy. sent from realme rmx2121 using vozfapp,neg
"có shopee taobao 99 ko xước màn body. chỉ cấn góc nhỏ, pin review 95 mà có 6.5 triệu bản o. 6.3 triệu cho m sent from xiaomi redmi note 6 pro via nextvoz",pos
trừ màn hơi tối còn đâu ok hết mà bác. sent from oneplus gm1915 using vozfapp,neg
"mới ra thì mắc. chưa có cơ hội trải nghiệm, kiếm con pixel lấy gg photo free cũng ổn gửi từ huawei ele l29 bằng vozfapp",pos
công nhận là cũng rẻ. tự nhiên thấy giá xperia 1 mất vân tay pixel 4 cũng phân vân ghê.. sent from oneplus gm1915 using vozfapp,pos
thấy giá 6m8 gửi từ sony sov36 bằng vozfapp,pos
"bản tiêu chuẩn đầy đủ hộp, phụ kiện các thứ, như mới luôn gói a 99 gói b 95",pos
"pixel chụp khá đẹp, chỉ là cái trình gọi điện và danh bạ của google cùi mía quá. nên mãi phân vân dùng em này. nhưng ảnh thì thực sự đẹp",pos
không. pin yếu màn toàn ám. nên mua pixel 3 vì giá đã trở nên rất rẻ. rẻ đến nỗi là pixel 2 chênh pixel 3 vài lít.,pos
px2 2 triệu px3 2.6 triệu thì múc cmn px3 ngon hơn px2 nhiều luôn,pos
chỉ để lưu ảnh thì pixel 1 là nhất rồi. còn làm điện thoại phụ thì 3 hoặc 3a xl .,pos
đồ google thì dc cái trâu nhưng xấu,neg
pixel 5 giá overpriced quá note 10 plus giờ dùng vẫn ok mà,neg
4a5g lock 6.8 triệu giá ổn áp chưa mấy fen sent from xiaomi redmi note 6 pro via nextvoz,pos
bên digiphone pixel 3a xl fullbox 100 nên quất ko các thím . tư vấn em cái. hỏi thì nhan viên nói bản quốc tế. 4 triệu 990 via thenextvoz for iphone,pos
mua shopee có hơn 3 triệu fullbox con 3a xl thôi,pos
"nhầm tí, 4xl shop bán 7 triệu nhưng mình nghĩ vẫn ok trong tầm giá",pos
"7 triệu là máy 97 98 hay sao ý ạ, chứ em thấy máy đẹp 99 những 10 triệu bản 128gb . mà mua thì mua hẳn bản 128gb chứ thím nhỉ. 64gb chụp ảnh chắc nhanh đầy lắm",neg
mới quất con 4xl dùng phê vl các thím ạ công nhận là dùng màn 90hz xong quay lại đám 60hz như bìu được cái launcher cũng nhẹ nữa. vuốt vuốt phê quá,pos
mua hẳn pixel 4 lock kìa bác. 4 triệu đến nơi rồi sent from google pixel 3 using vozfapp,pos
"px3 2.6 triệu là giá user, shop bán 3 triệu",pos
"lock thì mỗi lần reset máy xong phải cắm vào máy tính chạy lệnh adb khá đơn giản, xong là như quốc tế, thay sim hoặc add esim ầm ầm nói chung mình thấy px lock phê hơn iphone lock",pos
"ngon quá bác. nhưng có sợ hàng tàu mông má lại ko hình như google cũng ko có store ở tàu khựa nên cũng ko phải máy chính hãng, có bh",pos
"mấy con pixel được mỗi con 3a xl pin tốt, giá ổn còn lại pin chán thật",pos
wow giá thơm ghê,pos
"chưa thơm đâu bác, đợt trước em mua có 3.2 triệu thôi, thương gia lên giá rồi",pos
"lâu ko update giá , giờ giá ổn ghê mình thích 4a5g , chắc đợi sang nam",pos
"app nào cũng ổn định nhận diện khuôn mặt ko dùng để log in được, nhưng nếu fen auto fill mật khẩu từ google thì log in cái 1 1 sim vật lý 1 esim",pos
"faceid mở khoá ngon ko kém iphone, đỉnh luôn",pos
"con nào giờ màn sáng nhất nhà pixel nhỉ, dùng 3xl màn tối vãi, ức chế . biết bao giờ 5 mới rẻ như 4 hay 4xl, nhỏ gọn gửi từ v0z bằng vozfapp",neg
cá nhân tôi thấy con px5 và 4a 5g ko đáng mua chút nào với giá thành trên cấu hình 2 con đó. 4 xl ngon hơn,neg
"nhìn mấy con px cái 2 cái viền trên dưới nhìn tức mắt thật, được cái rom thuần nên mượt, trước em dùng 3xl h lại quay lại lg",pos
"4a5g đc cam wide thôi, nhưng góc ko rộng lắm, 4xl đc cam tele chụp xoá phông trong dkien thiếu sáng ngon hơn",pos
4a 5g nói chung trừ chip ra thì dùng tầm tầm iphone 11. nhưng mà giá ảo ma và thần kinh vc. 4a nên 5 triệu. 4a 5g nên 7 8 triệu như 4xl thôi. vấn đề của 4xl chắc chỉ có màn tối và máy dựng nhiều. hết.,neg
"1 tháng nay trải nghiệm và đi test khá nhiều máy pixel, nhận xét chung là thị trường giờ nát quá nát, các fen nên mua thương gia nào uy tín và thái độ hậu mãi tốt dùng cho yên tâm về tâm lý",neg
4xl giờ 6 6.5 triệu . trước tính mua giờ bỏ mua con khác via thenextvoz for iphone,pos
thấy bảo là máy không phải thị trường us uk thì ko tra được,neg
"ui, e dùng nhiều telegram với viber và skype nó đơ lắm, chắc do con pixel 3 triệua e nó cổ rồi. chờ pixel 5 nó giảm e cũng làm 1 con thay thế.",neg
dòng pixel với ipron xác nhận là bắt wifi kém hơn tụi samsung xiaomi .... nhé cùng 1 vị trí pixel và ipron đc 3 vạch mà đám kia full 4 vạch cùng băng tần ac,neg
"2nd hay new thím, 2nd mình thấy nhiều đứa bán hơn 8 triệu",pos
"3a xl cầm nhẹ nhàng hơn con 7plus khá nhiều, ko sợ trượt. còn phần mềm thì tùy sở thích mà chọn thôi.",pos
"2 con khác nhau về hệ điều hành, tùy nhu cầu fen nhé về sử dụng thì dòng 3a lag lắm, 7 plus vẫn mượt, kèo này mình vote 7 plus",neg
mình có cả 3a xl và 6s plus thấy mượt như nhau bạn à. 3a xl thì sạc nhanh và pin trâu hơn,pos
"1 lần mình dùng trải nghiệm con 3a, nói chung là tạm chấp nhận được, nhưng 1 lần cần quay video mà load lâu vc nên phi shop luôn",neg
"à video với chụp ảnh xử lý hơi chậm vì chip có snap 670 thôi, cái này mình chấp nhận dc",pos
thanks bác. mà bác dùng pixel có dùng gcam mod k hay chơi mặc định thôi. e thấy mặc định máy e tự bật đc thiên văn với motion photo gửi từ google pixel 4 xl bằng vozfapp,pos
vừa làm con px3 128 notpink bên kimmobile chim ưng quá,pos
"đừng lên android 12 nhé, đm lag giật như chó dái ấy 4xl",neg
"chụp ảnh đẹp nhưng quay k đẹp nhé bác. còn để nói pixel tổng thể là ok. pin hẻo, dùng thì ngon mượt nhất giới android thì cũng đúng k sai. nhưng giá thành luôn đắt. bác có thể mua 1 vài mẫu xiaomi r tải rom cook pixel lên để trải nghiệm cũng đc.",pos
hình như pixel 3 hay 4 gì cũng ko hỗ trợ xuất video qua cổng type c đúng ko các bác.,neg
lq thì tầm 845 vẫn chiến tốt. pixel thì nóng hơn với pin hơi kém.,neg
3 triệu mua đc 3xl user hoặc 3 shop,pos
khoái mấy con pixel này up ảnh google photos thoải mái,pos
"các bác có biết cách nào tắt cái nền trắng trên status bar này không. hình nên đen với độ sáng cao nhìn rõ vcd, khó chịu thực sư",neg
"shop bán tầm trên dưới 2 triệu, mua lại của người dùng tầm 1 triệu đổ lên tùy tình trạng.",pos
android 12 nó không tắt đc cái giao diện tối ở control centre nên e quay lại 11 rồi.,neg
"em thấy bảo dark mode của a12 là đen mờ chứ không đen hẳn nữa à bác, thấy ngại ngại lên",neg
"đúng rồi, nó đục đục, khi chạm vào 1 thành phần trong hệ thống nó còn có kiểu chấm chấm nhìn chán lắm. chưa kể để light mode nhưng notification centre với control centre nó lại đen, bts bọn google.",neg
dạo này thấy 4xl giá còn 6 triệu nhỉ... ko biết máy tã thế nào nữa via thenextvoz for iphone,pos
"pixel 4xl, đầm tay, pin khá, mỗi tội thời buổi covid nên cái 3d face unlock không tiện dụng mấy.",pos
"bọn gg kiểu lấy người dùng ra test ý tưởng hay sao ấy, cái dark mode đang ngon nghẻ thì nó làm lại, thiết kế pixel 4 với 5 đang thấy ổn ổn thì cho ngày quả 6 tin đồn nhìn mù cả mắt",neg
thì rõ ràng mấy con pixel để bọn gg nó test phần mềm còn gì. chứ nói thẳng mấy con đó chả có gì đáng để so sánh với flagship hãng khác,neg
"vẫn được gọi là đẹp so với mấy con kia, chắc chắn là như vậy. nhưng lại không đa dụng bằng vì chỉ có 1 ống kính. nếu chỉ để chụp ảnh nghịch thì rất ổn",pos
"đó là điểm mạnh, nhưng cũng là điểm yếu. điểm mạnh là pixel 3 cho màu phong cảnh khá đẹp, màu no, tương phản tốt, chi tiết tốt. tuy nhiên điểm yếu lại là không có góc rộng",pos
"tks bác, thấy các shop bán like new 3.5 triệu 4 triệu có phải dựng lại không nhỉ. iphone còn cắm 3u tool check phần nào chứ android này hơi khó.",pos
"3d face unlock của android nó không ngon như iphone đâu lắm lần mở màn hình lên chả tự quét, có lúc đeo khẩu trang thì mở đc, lúc lại không.",neg
"màn con 3 xl đc đánh giá đẹp nhất trong các dòng pixel đấy. chụp người camera chính là chủ yếu thì 3 xl thua 4 xl ko nhiều đâu, kiểu một 9 một 10 ấy thậm chí là một 9,5 một 10 . nếu ko zoom lên soi kỹ thì ko thể nhận ra đc sự khác biệt. nhiều app ko mở bằng face unlock đc, nói chung là dùng nhiều những app dạng như app ngân hàng thì bất tiện đấy.",pos
pixel 3xl taobao bán có 2 triệu kìa. thêm 100k để lấy màn đẹp. còn lưng viền trầy thì ốp lưng là xong. pixel 3 thì chỉ có 1.4 triệu. làm máy phụ ngon,pos
"khoản 90hz giá trị, chip pin cũng ngon hơn, lại 2 sim,...",pos
4xl thương gia giờ bán 6.5 triệu thì cũng khá p p trong phân khúc đó chứ,pos
bản o mở được bootloader để up rom tuỳ thích. bản m thì không mở được,pos
"uhm thím, giá giảm nhanh thật, chẳng mấy mà xuống 5.x tr cho xem",pos
đang hóng thương gia facebook báo giá con newnobox 8.5 chát vl,neg
hic mấy con này giờ giá rớt nhanh quá gửi từ google pixel 3a bằng vozfapp,pos
"con 4xl độ bền như nào vậy mấy bác, em cứ nghe trên mấy nhóm pixel bào bỏ túi cấn với rơi dễ hư màn",neg
"k trâu bò, nhưng nhìn chung cũng ổn chứ k kém bền so với mặt bằng chung.",pos
"64gb thời này có vẻ thiếu thốn quá bác nhỉ. mà hình như các thương gia không mấy khi nhập bản 128gb thì phải. em search bên maruko mà thấy giá lại cao quá, tận 10 triệu thì lại ko best p p rồi. sent from htc u11 using vozfapp",neg
"64gb là đủ xài cho nhu cầu bình thường của đa số rồi ấy, p p lại cao nên thông dụng. dĩ nhiên nhu cầu chuyên biệt hơn thì cần nhiều bộ nhớ hơn. maruko mình nhớ giá 4xl là 7.5 8.5 thôi mà kenta9x cũng mới rao có lô đẹp về đấy, chắc trên dưới 7 triệu thôi.",pos
"kenta9x mấy tháng trước có lô px4 đánh kính. uy tín cũng bình thường thôi, đc cái hay phá giá",pos
"vừa hốt con 4a 5g sau khi ra store test cả 2 con 4a5g và 5, có điều máy bản jp ko tắt tiếng cam được",neg
"bây giờ mới nhận ra 1 điều là điện thoại android không thể chuyển file word,powerpoint,... qua messenger đc. trước đây dùng ios nên chuyển đơn giản vãi, 1 vài thao tác là xong. không hiểu sao mark xoăn không chịu cho gửi file trực tiếp như ios nhỉ. bực mình thật.",neg
"rẻ mà, thích thì chơi tới đi",pos
"pixel giờ phổ biến rồi, đầy thợ sửa",pos
"pixel nhìn xịn sò quá, dùng mấy con khác chụp hình như c, đợt tới kiếm tiền mua thêm con pixel",pos
"pixel dùng ngon vãi, cái con sony xz ngu học, hành mình mấy tuần nay . mà mấy cái app trong danh sách sao mình hok sắp xếp được nhỉ sent from pixel 3a xl using vozfapp",pos
mua con pixel 3 hoặc 3 xl tầm trên dưới 3 triệu. hoặc rẻ hơn nữa thì pixel 2 hoặc 2 xl. thế chắc tại thằng mess rồi.,pos
maruko uy tín đấy bác bảo long cũng oke. em dùng máy bên bl tới giờ tròn 1 năm rồi vẫn ngon đét đèn đẹt mua bên bl cho giá mềm bác ạ,pos
"bl, aemobile, cường hp là top 3 giá cao ở miền bắc rồi",neg
"6.5 triệu, giá khá ngon đó nhưng bên kenta hồi tháng 6 có bán 1 lô px4 đánh kính",pos
"em đang xài con px3, công nhận phê thật, trừ khoản pin mấy bác cho em hỏi có độ pin con này được k, e ở sg",pos
mấy con này ko bán chính hãng ở việt nam nên cũng rén vl khi mua,neg
"rẻ mà, có gì phải rén .",pos
"pixel lắng nghe người dùng phết. năm ngoái cứ khó chịu cái vụ có tin nhắn mess đến màn hình có báo nhưng độ sáng nó rất thấp, giờ tin nhắn mess đến là màn hình sáng ngon luôn r",pos
"nhu cầu này thì 4a5g nhé mike fen, pin trâu nhất đám mà fen list ra. cam gần như 4xl mà có thêm quả cam wide dù ko rộng bằng hãng khác nhưng cũng ok",pos
"dòng 4 có 4a5g pin trâu đấy, tầm giá đang loanh quanh 7 8 triệu thì phải esim của pixel dùng 2 sóng online cùng kýc nhé",pos
giá con 4xl có vẻ ổn áp nhỉ,pos
"4xl giá đang tốt, thời gian tới có lẽ vẫn giảm đều và chậm .",pos
"có nên đổi 4xl sang con redmi k40 pro gcam không các thím. con 4xl thấy màn tối không sướng mắt lắm, được mỗi camera ngon thôi , mà giá con k40 pro cũ giờ tầm 8m8",pos
"em mua 4xl đợt đó 8 triệu đấy thím , giá con k40p bây giờ. nhưng vẫn đang phân vân khoản cài gcam vào có được 9 10 so với 4xl không",pos
"ổn, 3xl hiện vẫn dùng được 1 năm nữa thì 4xl được 2 năm là cái chắc gửi từ google pixel 3 xl bằng vozfapp",pos
thím nào có link gcam bản mới nhất ko cho mình xin về cài chứ app mặc định nó cứ kêu tách tách mà bản jp ko tắt được,neg
"mới về tay con pixel 3xl mới 99 , dc tặng cái cường lực, ốp lưng nữa. giá này ngon ko ae. check áp suất thì thấy ok",pos
3xl rẻ đến vậy sao,pos
"mua taobao thím. mới check lại thấy khe sim ko trùng imei, khả năng ko zin 100 . còn lại rất ổn. chụp lên màu đẹp hơn con p30 pro nữa.",pos
"đợt này đang dùng mì xào mà quay về nhìn giá mấy con 3 3xl thấy ngứa tay quá con 3xl dùng sướng vl mà có 2 triệu, ghét mỗi cái 1 sim. pixel 4 giá 4 triệu thì cũng êm đấy nhưng tính ra chả hơn mấy, mà giá gấp 2",pos
"xài thích vl thím. máy mượt, màn đẹp, chụp hình màu đẹp, mình chuyển sim từ con huawei p30 pro sang làm máy chính luôn rồi. đang tính đặt thêm con 4xl 4.8 triệu hơi xước tí thôi",pos
"pixel thấy có đợt về lô 3a new lock, mà unlock cũng dễ có hơn 3 triệu hay phết nhỉ, tiếc mỗi emmc, ko phải ufs, chứ ko mua 1 cái nghịch",pos
"là hàng lock mỹ bản verizon, đã kích hoạt bảo hành, mới, ổn áp, mình cũng đang xài 1 con. đang tính bán lên đời",pos
"đương nhiên là màu chuẩn hơn đám huawei rồi, hw lên màu chán",pos
"lock vậy mua về phải unlock mới bỏ sim vào dùng đc àk bạn, rắc rối nhỉ",neg
"unlock cũng đơn giản thôi mà, 1 nốt nhạc",pos
"unlock rất dễ, nhưng phải làm lại mỗi khi factory reset máy, nhược điểm là máy lock verizon chỉ sử dụng được 1 sim",pos
15 ngày từ lúc đặt hàng về kho q10. 4 ngày vnpost từ q10 wa q11,pos
"đám pixel này khả năng bắt sóng di động wifi sao nhỉ, lên reddit thấy tụi nó than sóng 4a5g yếu hơn 4xl, định kiếm con máy làm backup",neg
mình có đây thím súng phụ máy zin keng đẹp hoàn hảo 99.99,pos
"con pixel 3a xl mới mua dc mấy tháng mà tự nhiên màn đen thui, báo thợ bảo đứt cáp màn hình giờ thay hết 2 triệu, bằng nửa tiền con máy, có nên thay ko mấy thím",neg
"thế là thêm phí 150k rồi. thôi kệ, tranh thủ kêu họ check dùm hàng khi nhận đi, do nếu bị lỗi thì ko ship ngược lại dc",neg
bên maruko bán giá thì cao hơn mọi chỗ mà cũng lom com thế à bác,neg
con pixel 3 ngoài pin yếu sinh lý ra thì ổn phết,pos
mình có con px3 cũng imei 35 mà có unlock đc nè gửi từ kamisato ayaka bằng vozfapp,pos
"một số ít vẫn unlock được, đa số thì k",neg
"2021, 12 triệu màn 60hz và chip 765g. có bị não mới mua con này ít tiền thì 4a5g cho nó kinh tế, nhiều tiền hẳn thì đợi 6 6 pro nhé",neg
"con vivo x60pro chụp đẹp vcl luôn thím, nếu vậy pixel 6 hẳn là cuộc cách mạng rồi giá tụt vcl luôn thím ơi. loay hoay cái rớt nhanh hơn samesung tụt quần. giờ đổi dòng máy khác cũng lỗ vài cũ nhẹ. mấy con ngang ngang thì không cần thiết đổi . còn flagship thì phải bù ít cũng 7 8 triệu là ít nhất",pos
"chắc chắn là 1 cuộc cách mạng luôn. y như mấy con pixel đời đầu, đập chết tươi mấy con smartphone cùng thời về khoản chụp ảnh. hehe. nhưng sau đó thì các anh lại chấp nhận 3 năm tiếp theo không thay đổi phần cứng",pos
"google chưa có ý định phân phối chính hãng các máy pixel tại thị trường vịt nên a cứ xác định tâm lí mua của các thương gia đi, chọn ông nào có tóc dài mà nắm thôi",neg
"con 5a ra mà con 4a5g hoặc 5 giảm còn 8 triệu là em xúc, đổi con 4xl đang dùng. em thích nhỏ gọn mà pin trâu méo gì con 4a 5g tận hơn 9 triệu, 5 tận 12 triệu",neg
"mình nghĩ nó ko giảm mấy đâu, con 5a gần như y chang con 4a5g, khác biệt chủ yếu là pin trâu hơn",neg
"trước giờ điện thoại tôi chả bao giờ mua 2nd, có con pixel 3 thì 2nd thật vì xác định cug chỉ làm máy phụ thôi. hóng gg phân phối trực tiếp ở vịt cho anh em dễ thở",neg
"bây giờ ảnh chủ yếu là up lên mạng xã hội là cùng cần gì chất lượng cao, nên máy pixel đc lưu chất lượng ảnh nén chút là ok rồi fen nào chụp ảnh chuyên nghiệp thì lưu cloud khác",pos
bây giờ 2 con 4a với 5a xuống khoảng 10 triệu có khi cũng là lựa chọn đáng giá .,pos
lưu ảnh chuyên nghiệp thì mua con pixel pixel xl về là best,pos
tui thấy tụi taobao vẫn bán pixel với pixel xl kìa . giá cao,neg
"tránh xa thằng bon chùa bộc ra, trùm máy dựng thái độ lồi lõm, có mấy phốt ở các group android trên fb",neg
3xl giờ có 3 4 triệu thôi sao phải trả góp,pos
"thím đặt trong khoảng bao lâu về tới hn vậy thấy cập nhật trạng thái là tới kho tq rồi, ko biết sau 1 tuần có trên tay được ko với tình hình dịch bệnh kiểu này. shipper nội thành còn bị chặn lại ở trạm gác đầu ngõ, phải gọi mình ra nhận hàng. sốt ruột phết",neg
"con 4a dùng ok k mọi người, thích 4a5g mà giá vẫn còn căng quá, 4xl thì pin hơi hẻo do mình dùng đt nhiều nên yc pin trâu tí",neg
"5.2 triệu mà đc con tương đối là ngon rồi thím, shop đó có 1 cái vương miện thì cũng gọi là có uy tín, chắc ko sao đâu",pos
thấy hình thức cũng ok đó chứ bạn. rẻ hơn kha khas so vs các thương gia đang bán ở vn r,pos
